<?xml version="1.0" encoding="UTF-8"?>
<feature
      id="ummisco.gama.feature.core"
      label="Core"
      version="1.6.1.201407131256"
      provider-name="UMMISCO">

   <description url="http://www.example.com/description">
      The core of the gama-platform, which does not include the sample models.
   </description>

   <copyright url="http://www.example.com/copyright">
      [Enter Copyright Description here.]
   </copyright>

   <license url="http://www.example.com/license">
      [Enter License Description here.]
   </license>

   <url>
      <update label="Gama 1.6.1 Update Site" url="https://gama-platform.googlecode.com/svn/update_site"/>
   </url>

   <plugin
         id="idees.gama.mapcomparison"
         download-size="0"
         install-size="0"
         version="1.0.0.201407131256"
         unpack="false"/>

   <plugin
         id="irit.gaml.extensions.database"
         download-size="0"
         install-size="0"
         version="1.0.0.201407131256"
         unpack="false"/>

   <plugin
         id="irit.gaml.extensions.test"
         download-size="0"
         install-size="0"
         version="1.0.0.201407131256"
         unpack="false"/>

   <plugin
         id="msi.gama.application"
         download-size="0"
         install-size="0"
         version="1.6.1.201407131256"
         unpack="false"/>

   <plugin
         id="msi.gama.core"
         download-size="0"
         install-size="0"
         version="1.6.1.201407131256"
         unpack="false"/>

   <plugin
         id="msi.gama.ext"
         download-size="0"
         install-size="0"
         version="1.0.0"/>

   <plugin
         id="msi.gama.headless"
         download-size="0"
         install-size="0"
         version="1.0.0.0"/>

   <plugin
         id="msi.gama.lang.gaml"
         download-size="0"
         install-size="0"
         version="1.4.2"
         unpack="false"/>

   <plugin
         id="msi.gama.lang.gaml.ui"
         download-size="0"
         install-size="0"
         version="1.4.2"
         unpack="false"/>

   <plugin
         id="msi.gama.processor"
         download-size="0"
         install-size="0"
         version="1.4.0"
         unpack="false"/>

   <plugin
         id="msi.gaml.extensions.fipa"
         download-size="0"
         install-size="0"
         version="1.4.0.201407131256"
         unpack="false"/>

   <plugin
         id="simtools.gaml.extensions.traffic"
         download-size="0"
         install-size="0"
         version="1.0.0.201407131256"
         unpack="false"/>

   <plugin
         id="ummisco.gaml.extensions.maths"
         download-size="0"
         install-size="0"
         version="1.0.0.201407131256"
         unpack="false"/>

</feature>
