<?xml version='1.0' encoding='UTF-8'?>
<?artifactRepository version='1.1.0'?>
<repository name='update site: http://sandipchitaleseclipseplugins.googlecode.com/svn/trunk/text.overview.updatesite/site.xml' type='org.eclipse.equinox.p2.artifact.repository.simpleRepository' version='1'>
  <properties size='3'>
    <property name='p2.timestamp' value='1416494579321'/>
    <property name='eclipse.p2.force.threading' value='true'/>
    <property name='site.checksum' value='1416677871'/>
  </properties>
  <mappings size='3'>
    <rule filter='(&amp; (classifier=osgi.bundle))' output='${repoUrl}/plugins/${id}_${version}.jar'/>
    <rule filter='(&amp; (classifier=binary))' output='${repoUrl}/binary/${id}_${version}'/>
    <rule filter='(&amp; (classifier=org.eclipse.update.feature))' output='${repoUrl}/features/${id}_${version}.jar'/>
  </mappings>
  <artifacts size='2'>
    <artifact classifier='org.eclipse.update.feature' id='text.overview.feature' version='1.0.30'>
      <repositoryProperties size='1'>
        <property name='artifact.reference' value='http://sandipchitaleseclipseplugins.googlecode.com/svn/trunk/text.overview.updatesite/features/text.overview.feature_1.0.30.jar'/>
      </repositoryProperties>
    </artifact>
    <artifact classifier='osgi.bundle' id='text.overview' version='1.0.30'>
      <repositoryProperties size='1'>
        <property name='artifact.reference' value='http://sandipchitaleseclipseplugins.googlecode.com/svn/trunk/text.overview.updatesite/plugins/text.overview_1.0.30.jar'/>
      </repositoryProperties>
    </artifact>
  </artifacts>
</repository>
