<?xml version='1.0' encoding='UTF-8'?>
<?metadataRepository version='1.1.0'?>
<repository name='update site: http://sandipchitaleseclipseplugins.googlecode.com/svn/trunk/text.overview.updatesite/site.xml' type='org.eclipse.equinox.internal.p2.metadata.repository.LocalMetadataRepository' version='1.0.0'>
  <properties size='2'>
    <property name='p2.timestamp' value='1416494565878'/>
    <property name='site.checksum' value='1416677871'/>
  </properties>
  <units size='4'>
    <unit id='http://sandipchitaleseclipseplugins.googlecode.com/svn/trunk/text.overview.updatesite/site.xml.Overview' version='1.0.0.2-7wcTyAvE'>
      <properties size='2'>
        <property name='org.eclipse.equinox.p2.name' value='Overview'/>
        <property name='org.eclipse.equinox.p2.type.category' value='true'/>
      </properties>
      <provides size='1'>
        <provided namespace='org.eclipse.equinox.p2.iu' name='http://sandipchitaleseclipseplugins.googlecode.com/svn/trunk/text.overview.updatesite/site.xml.Overview' version='1.0.0.2-7wcTyAvE'/>
      </provides>
      <requires size='1'>
        <required namespace='org.eclipse.equinox.p2.iu' name='text.overview.feature.feature.group' range='[1.0.30,1.0.30]'/>
      </requires>
      <touchpoint id='null' version='0.0.0'/>
    </unit>
    <unit id='text.overview.feature.feature.jar' version='1.0.30'>
      <properties size='4'>
        <property name='org.eclipse.equinox.p2.name' value='Overview Feature'/>
        <property name='org.eclipse.equinox.p2.description' value='Show overview of text editors.'/>
        <property name='org.eclipse.equinox.p2.description.url' value='https://sandipchitaleseclipseplugins.googlecode.com/svn/trunk/text.overview.feature'/>
        <property name='org.eclipse.equinox.p2.provider' value='Sandip Chitale'/>
      </properties>
      <provides size='3'>
        <provided namespace='org.eclipse.equinox.p2.iu' name='text.overview.feature.feature.jar' version='1.0.30'/>
        <provided namespace='org.eclipse.equinox.p2.eclipse.type' name='feature' version='1.0.0'/>
        <provided namespace='org.eclipse.update.feature' name='text.overview.feature' version='1.0.30'/>
      </provides>
      <filter>
        (org.eclipse.update.install.features=true)
      </filter>
      <artifacts size='1'>
        <artifact classifier='org.eclipse.update.feature' id='text.overview.feature' version='1.0.30'/>
      </artifacts>
      <touchpoint id='org.eclipse.equinox.p2.osgi' version='1.0.0'/>
      <touchpointData size='1'>
        <instructions size='1'>
          <instruction key='zipped'>
            true
          </instruction>
        </instructions>
      </touchpointData>
      <licenses size='1'>
        <license uri='https://code.google.com/p/sandipchitaleseclipseplugins/wiki/License' url='https://code.google.com/p/sandipchitaleseclipseplugins/wiki/License'>
          BSD
        </license>
      </licenses>
    </unit>
    <unit id='text.overview.feature.feature.group' version='1.0.30' singleton='false'>
      <update id='text.overview.feature.feature.group' range='[0.0.0,1.0.30)' severity='0'/>
      <properties size='5'>
        <property name='org.eclipse.equinox.p2.name' value='Overview Feature'/>
        <property name='org.eclipse.equinox.p2.description' value='Show overview of text editors.'/>
        <property name='org.eclipse.equinox.p2.description.url' value='https://sandipchitaleseclipseplugins.googlecode.com/svn/trunk/text.overview.feature'/>
        <property name='org.eclipse.equinox.p2.provider' value='Sandip Chitale'/>
        <property name='org.eclipse.equinox.p2.type.group' value='true'/>
      </properties>
      <provides size='1'>
        <provided namespace='org.eclipse.equinox.p2.iu' name='text.overview.feature.feature.group' version='1.0.30'/>
      </provides>
      <requires size='2'>
        <required namespace='org.eclipse.equinox.p2.iu' name='text.overview' range='[1.0.30,1.0.30]'/>
        <required namespace='org.eclipse.equinox.p2.iu' name='text.overview.feature.feature.jar' range='[1.0.30,1.0.30]'>
          <filter>
            (org.eclipse.update.install.features=true)
          </filter>
        </required>
      </requires>
      <touchpoint id='null' version='0.0.0'/>
      <licenses size='1'>
        <license uri='https://code.google.com/p/sandipchitaleseclipseplugins/wiki/License' url='https://code.google.com/p/sandipchitaleseclipseplugins/wiki/License'>
          BSD
        </license>
      </licenses>
    </unit>
    <unit id='text.overview' version='1.0.30' singleton='false'>
      <update id='text.overview' range='[0.0.0,1.0.30)' severity='0'/>
      <properties size='1'>
        <property name='org.eclipse.equinox.p2.partial.iu' value='true'/>
      </properties>
      <provides size='3'>
        <provided namespace='org.eclipse.equinox.p2.iu' name='text.overview' version='1.0.30'/>
        <provided namespace='osgi.bundle' name='text.overview' version='1.0.30'/>
        <provided namespace='org.eclipse.equinox.p2.eclipse.type' name='bundle' version='1.0.0'/>
      </provides>
      <artifacts size='1'>
        <artifact classifier='osgi.bundle' id='text.overview' version='1.0.30'/>
      </artifacts>
      <touchpoint id='org.eclipse.equinox.p2.osgi' version='1.0.0'/>
      <touchpointData size='1'>
        <instructions size='1'>
          <instruction key='manifest'>
            Bundle-SymbolicName: text.overview&#xA;Bundle-Version: 1.0.30&#xA;
          </instruction>
        </instructions>
      </touchpointData>
    </unit>
  </units>
</repository>
