<?xml version="1.0" encoding="UTF-8"?>
<feature
      id="FindReplaceBarFeature"
      label="%Feature-Name"
      version="1.0.17.201105141536"
      provider-name="%Feature-Vendor">

   <description url="http://code.google.com/p/sandipchitaleseclipseplugins/">
      This feature implements the Find/Replace bar similar to the ones
found in popular browsers.
* The matching groups list pops up
if the number of groups is &gt; 1.
* Added the combo to show the text matched
with regular expression groups (New!)
   </description>

   <copyright>
      Copyright 2011, Sandip Chitale
   </copyright>

   <license>
      BSD
   </license>

   <url>
      <update label="Find/Replace Bar Update Site" url="http://sandipchitaleseclipseplugins.googlecode.com/svn/trunk/FindReplaceBarUpdateSite/"/>
   </url>

   <plugin
         id="FindReplaceBar"
         download-size="0"
         install-size="0"
         version="1.0.17.201105141536"
         unpack="false"/>

</feature>
