<?xml version="1.0" encoding="UTF-8"?>
<feature
      id="Screenshot"
      label="Screenshot Feature"
      version="1.0.17"
      provider-name="Sandip Chitale">

   <description url="http://code.google.com/p/sandipchitaleseclipseplugins/">
      The feature lets you take screenshots from within Eclipse.
   </description>

   <copyright url="http://code.google.com/p/sandipchitaleseclipseplugins/">
      Sandip Chitale
   </copyright>

   <license url="http://www.opensource.org/licenses/bsd-license.php">
      BSD
   </license>

   <url>
      <update label="Sandip Chitale&apos;s Eclipse Plug-ins" url="http://sandipchitaleseclipseplugins.googlecode.com/svn/trunk/SandipChitalesEclipsePluginsUpdateSite/"/>
      <discovery label="Sandip Chitale&apos;s blog" url="http://sandipchitale.blogspot.com/"/>
      <discovery label="Sandip Chitale&apos;s Google code projects" url="http://code.google.com/u/sandipchitale/"/>
   </url>

   <plugin
         id="screenshot"
         download-size="0"
         install-size="0"
         version="1.0.17"
         unpack="false"/>

</feature>
