<?xml version='1.0' encoding='UTF-8'?>
<?artifactRepository version='1.1.0'?>
<repository name='update site: http://pathtools.googlecode.com/svn/trunk/PathToolsUpdateSite/site.xml' type='org.eclipse.equinox.p2.artifact.repository.simpleRepository' version='1'>
  <properties size='3'>
    <property name='p2.timestamp' value='1416490994231'/>
    <property name='eclipse.p2.force.threading' value='true'/>
    <property name='site.checksum' value='2096888566'/>
  </properties>
  <mappings size='3'>
    <rule filter='(&amp; (classifier=osgi.bundle))' output='${repoUrl}/plugins/${id}_${version}.jar'/>
    <rule filter='(&amp; (classifier=binary))' output='${repoUrl}/binary/${id}_${version}'/>
    <rule filter='(&amp; (classifier=org.eclipse.update.feature))' output='${repoUrl}/features/${id}_${version}.jar'/>
  </mappings>
  <artifacts size='6'>
    <artifact classifier='org.eclipse.update.feature' id='PathToolsFeature' version='1.0.67'>
      <repositoryProperties size='1'>
        <property name='artifact.reference' value='http://pathtools.googlecode.com/svn/trunk/PathToolsUpdateSite/features/PathToolsFeature_1.0.67.jar'/>
      </repositoryProperties>
    </artifact>
    <artifact classifier='org.eclipse.update.feature' id='PathToolsSubclipseFeature' version='1.0.67'>
      <repositoryProperties size='1'>
        <property name='artifact.reference' value='http://pathtools.googlecode.com/svn/trunk/PathToolsUpdateSite/features/PathToolsSubclipseFeature_1.0.67.jar'/>
      </repositoryProperties>
    </artifact>
    <artifact classifier='osgi.bundle' id='PathToolsRSE' version='1.0.64'>
      <repositoryProperties size='1'>
        <property name='artifact.reference' value='http://pathtools.googlecode.com/svn/trunk/PathToolsUpdateSite/plugins/PathToolsRSE_1.0.64.jar'/>
      </repositoryProperties>
    </artifact>
    <artifact classifier='osgi.bundle' id='PathTools' version='1.0.67'>
      <repositoryProperties size='1'>
        <property name='artifact.reference' value='http://pathtools.googlecode.com/svn/trunk/PathToolsUpdateSite/plugins/PathTools_1.0.67.jar'/>
      </repositoryProperties>
    </artifact>
    <artifact classifier='org.eclipse.update.feature' id='PathToolsRSEFeature' version='1.0.64'>
      <repositoryProperties size='1'>
        <property name='artifact.reference' value='http://pathtools.googlecode.com/svn/trunk/PathToolsUpdateSite/features/PathToolsRSEFeature_1.0.64.jar'/>
      </repositoryProperties>
    </artifact>
    <artifact classifier='osgi.bundle' id='PathToolsSubclipse' version='1.0.67'>
      <repositoryProperties size='1'>
        <property name='artifact.reference' value='http://pathtools.googlecode.com/svn/trunk/PathToolsUpdateSite/plugins/PathToolsSubclipse_1.0.67.jar'/>
      </repositoryProperties>
    </artifact>
  </artifacts>
</repository>
