<?xml version='1.0' encoding='UTF-8'?>
<?metadataRepository version='1.1.0'?>
<repository name='update site: http://pathtools.googlecode.com/svn/trunk/PathToolsUpdateSite/site.xml' type='org.eclipse.equinox.internal.p2.metadata.repository.LocalMetadataRepository' version='1'>
  <properties size='2'>
    <property name='p2.timestamp' value='1416490981925'/>
    <property name='site.checksum' value='2096888566'/>
  </properties>
  <references size='4'>
    <repository uri='http://sandipchitale.blogspot.com/' url='http://sandipchitale.blogspot.com/' type='0' options='0'/>
    <repository uri='http://sandipchitale.blogspot.com/' url='http://sandipchitale.blogspot.com/' type='1' options='0'/>
    <repository uri='http://code.google.com/p/pathtools/' url='http://code.google.com/p/pathtools/' type='0' options='0'/>
    <repository uri='http://code.google.com/p/pathtools/' url='http://code.google.com/p/pathtools/' type='1' options='0'/>
  </references>
  <units size='10'>
    <unit id='PathToolsFeature.feature.jar' version='1.0.67'>
      <properties size='4'>
        <property name='org.eclipse.equinox.p2.name' value='Path Tools Feature'/>
        <property name='org.eclipse.equinox.p2.description' value='Path Tools Eclipse Plug-in adds the following actions to Eclipse.&#xA;* Copy Paths - this action copies the fully qualified path of&#xA;selected folders and files into the Clipboard. Copy Paths action&#xA;is now a drop down and allows you to copy paths in all different&#xA;formats. The last used format is remembered and used.&#xA;* Explore - this action opens the selected folder or the folder&#xA;containing the selected file in the OS file explorer. The user&#xA;can configure the exact command that is used to launch the file&#xA;explorer.&#xA;* Open Command Line Shell - this action opens a command line&#xA;shell window at the selected folder or the folder containing&#xA;the selected file&#xA;* Open in external editor... - this action opens the selected&#xA;folder or file using the selected external editor. The user can&#xA;configure the exact command that is used to launch the external&#xA;editor.&#xA;* Custom actions pull down menu. These custom actions can be&#xA;defined in Path Tools preferences page. Clicking on the Custom&#xA;actions buttons shows the Path Tools preferences page.'/>
        <property name='org.eclipse.equinox.p2.description.url' value='http://code.google.com/p/pathtools/'/>
        <property name='org.eclipse.equinox.p2.provider' value='Sandip V. Chitale'/>
      </properties>
      <provides size='3'>
        <provided namespace='org.eclipse.equinox.p2.iu' name='PathToolsFeature.feature.jar' version='1.0.67'/>
        <provided namespace='org.eclipse.equinox.p2.eclipse.type' name='feature' version='1.0.0'/>
        <provided namespace='org.eclipse.update.feature' name='PathToolsFeature' version='1.0.67'/>
      </provides>
      <filter>
        (org.eclipse.update.install.features=true)
      </filter>
      <artifacts size='1'>
        <artifact classifier='org.eclipse.update.feature' id='PathToolsFeature' version='1.0.67'/>
      </artifacts>
      <touchpoint id='org.eclipse.equinox.p2.osgi' version='1.0.0'/>
      <touchpointData size='1'>
        <instructions size='1'>
          <instruction key='zipped'>
            true
          </instruction>
        </instructions>
      </touchpointData>
      <licenses size='1'>
        <license uri='http://www.opensource.org/licenses/bsd-license.php' url='http://www.opensource.org/licenses/bsd-license.php'>
          BSD
        </license>
      </licenses>
      <copyright>
        Copyright 2011, Sandip V. Chitale
      </copyright>
    </unit>
    <unit id='PathToolsRSEFeature.feature.jar' version='1.0.64'>
      <properties size='4'>
        <property name='org.eclipse.equinox.p2.name' value='Path Tools RSE Integration Feature - Optional (Requires RSE)'/>
        <property name='org.eclipse.equinox.p2.description' value='This compliments the Path Tools features by adding the Copy Path&#xA;action to the pop up menu of IRemoteFile nodes in Remote Explorer System views.'/>
        <property name='org.eclipse.equinox.p2.description.url' value='Integration Feature - Optional (Requires Subclipse)'/>
        <property name='org.eclipse.equinox.p2.provider' value='Sandip V. Chitale'/>
      </properties>
      <provides size='3'>
        <provided namespace='org.eclipse.equinox.p2.iu' name='PathToolsRSEFeature.feature.jar' version='1.0.64'/>
        <provided namespace='org.eclipse.equinox.p2.eclipse.type' name='feature' version='1.0.0'/>
        <provided namespace='org.eclipse.update.feature' name='PathToolsRSEFeature' version='1.0.64'/>
      </provides>
      <filter>
        (org.eclipse.update.install.features=true)
      </filter>
      <artifacts size='1'>
        <artifact classifier='org.eclipse.update.feature' id='PathToolsRSEFeature' version='1.0.64'/>
      </artifacts>
      <touchpoint id='org.eclipse.equinox.p2.osgi' version='1.0.0'/>
      <touchpointData size='1'>
        <instructions size='1'>
          <instruction key='zipped'>
            true
          </instruction>
        </instructions>
      </touchpointData>
      <licenses size='1'>
        <license uri='http://www.opensource.org/licenses/bsd-license.php' url='http://www.opensource.org/licenses/bsd-license.php'>
          BSD
        </license>
      </licenses>
      <copyright>
        Copyright 2011, Sandip V. Chitale
      </copyright>
    </unit>
    <unit id='PathToolsSubclipseFeature.feature.jar' version='1.0.67'>
      <properties size='4'>
        <property name='org.eclipse.equinox.p2.name' value='Path Tools Subclipse Integration Feature - Optional (Requires Subclipse)'/>
        <property name='org.eclipse.equinox.p2.description' value='This compliments the Path Tools features by adding the Copy SVN URL action to the pop up menu of resources in SVN project.'/>
        <property name='org.eclipse.equinox.p2.description.url' value='http://code.google.com/p/pathtools/'/>
        <property name='org.eclipse.equinox.p2.provider' value='Sandip V. Chitale'/>
      </properties>
      <provides size='3'>
        <provided namespace='org.eclipse.equinox.p2.iu' name='PathToolsSubclipseFeature.feature.jar' version='1.0.67'/>
        <provided namespace='org.eclipse.equinox.p2.eclipse.type' name='feature' version='1.0.0'/>
        <provided namespace='org.eclipse.update.feature' name='PathToolsSubclipseFeature' version='1.0.67'/>
      </provides>
      <filter>
        (org.eclipse.update.install.features=true)
      </filter>
      <artifacts size='1'>
        <artifact classifier='org.eclipse.update.feature' id='PathToolsSubclipseFeature' version='1.0.67'/>
      </artifacts>
      <touchpoint id='org.eclipse.equinox.p2.osgi' version='1.0.0'/>
      <touchpointData size='1'>
        <instructions size='1'>
          <instruction key='zipped'>
            true
          </instruction>
        </instructions>
      </touchpointData>
      <licenses size='1'>
        <license uri='http://www.opensource.org/licenses/bsd-license.php' url='http://www.opensource.org/licenses/bsd-license.php'>
          BSD
        </license>
      </licenses>
      <copyright>
        Copyright 2011, Sandip V. Chitale
      </copyright>
    </unit>
    <unit id='http://pathtools.googlecode.com/svn/trunk/PathToolsUpdateSite/site.xml.Desktop Integration' version='1.0.0.6-CA'>
      <properties size='2'>
        <property name='org.eclipse.equinox.p2.name' value='Desktop Integration'/>
        <property name='org.eclipse.equinox.p2.type.category' value='true'/>
      </properties>
      <provides size='1'>
        <provided namespace='org.eclipse.equinox.p2.iu' name='http://pathtools.googlecode.com/svn/trunk/PathToolsUpdateSite/site.xml.Desktop Integration' version='1.0.0.6-CA'/>
      </provides>
      <requires size='3'>
        <required namespace='org.eclipse.equinox.p2.iu' name='PathToolsFeature.feature.group' range='[1.0.67,1.0.67]'/>
        <required namespace='org.eclipse.equinox.p2.iu' name='PathToolsRSEFeature.feature.group' range='[1.0.64,1.0.64]'/>
        <required namespace='org.eclipse.equinox.p2.iu' name='PathToolsSubclipseFeature.feature.group' range='[1.0.67,1.0.67]'/>
      </requires>
      <touchpoint id='null' version='0.0.0'/>
    </unit>
    <unit id='PathToolsSubclipse' version='1.0.67' singleton='false'>
      <update id='PathToolsSubclipse' range='[0.0.0,1.0.67)' severity='0'/>
      <properties size='1'>
        <property name='org.eclipse.equinox.p2.partial.iu' value='true'/>
      </properties>
      <provides size='3'>
        <provided namespace='org.eclipse.equinox.p2.iu' name='PathToolsSubclipse' version='1.0.67'/>
        <provided namespace='osgi.bundle' name='PathToolsSubclipse' version='1.0.67'/>
        <provided namespace='org.eclipse.equinox.p2.eclipse.type' name='bundle' version='1.0.0'/>
      </provides>
      <artifacts size='1'>
        <artifact classifier='osgi.bundle' id='PathToolsSubclipse' version='1.0.67'/>
      </artifacts>
      <touchpoint id='org.eclipse.equinox.p2.osgi' version='1.0.0'/>
      <touchpointData size='1'>
        <instructions size='1'>
          <instruction key='manifest'>
            Bundle-SymbolicName: PathToolsSubclipse&#xA;Bundle-Version: 1.0.67&#xA;
          </instruction>
        </instructions>
      </touchpointData>
    </unit>
    <unit id='PathToolsFeature.feature.group' version='1.0.67' singleton='false'>
      <update id='PathToolsFeature.feature.group' range='[0.0.0,1.0.67)' severity='0'/>
      <properties size='5'>
        <property name='org.eclipse.equinox.p2.name' value='Path Tools Feature'/>
        <property name='org.eclipse.equinox.p2.description' value='Path Tools Eclipse Plug-in adds the following actions to Eclipse.&#xA;* Copy Paths - this action copies the fully qualified path of&#xA;selected folders and files into the Clipboard. Copy Paths action&#xA;is now a drop down and allows you to copy paths in all different&#xA;formats. The last used format is remembered and used.&#xA;* Explore - this action opens the selected folder or the folder&#xA;containing the selected file in the OS file explorer. The user&#xA;can configure the exact command that is used to launch the file&#xA;explorer.&#xA;* Open Command Line Shell - this action opens a command line&#xA;shell window at the selected folder or the folder containing&#xA;the selected file&#xA;* Open in external editor... - this action opens the selected&#xA;folder or file using the selected external editor. The user can&#xA;configure the exact command that is used to launch the external&#xA;editor.&#xA;* Custom actions pull down menu. These custom actions can be&#xA;defined in Path Tools preferences page. Clicking on the Custom&#xA;actions buttons shows the Path Tools preferences page.'/>
        <property name='org.eclipse.equinox.p2.description.url' value='http://code.google.com/p/pathtools/'/>
        <property name='org.eclipse.equinox.p2.provider' value='Sandip V. Chitale'/>
        <property name='org.eclipse.equinox.p2.type.group' value='true'/>
      </properties>
      <provides size='1'>
        <provided namespace='org.eclipse.equinox.p2.iu' name='PathToolsFeature.feature.group' version='1.0.67'/>
      </provides>
      <requires size='4'>
        <required namespace='org.eclipse.equinox.p2.iu' name='PathToolsRSEFeature.feature.group' range='[1.0.64,1.0.64]' optional='true'/>
        <required namespace='org.eclipse.equinox.p2.iu' name='PathToolsSubclipseFeature.feature.group' range='[1.0.67,1.0.67]' optional='true'/>
        <required namespace='org.eclipse.equinox.p2.iu' name='PathTools' range='[1.0.67,1.0.67]'/>
        <required namespace='org.eclipse.equinox.p2.iu' name='PathToolsFeature.feature.jar' range='[1.0.67,1.0.67]'>
          <filter>
            (org.eclipse.update.install.features=true)
          </filter>
        </required>
      </requires>
      <touchpoint id='null' version='0.0.0'/>
      <licenses size='1'>
        <license uri='http://www.opensource.org/licenses/bsd-license.php' url='http://www.opensource.org/licenses/bsd-license.php'>
          BSD
        </license>
      </licenses>
      <copyright>
        Copyright 2011, Sandip V. Chitale
      </copyright>
    </unit>
    <unit id='PathToolsRSEFeature.feature.group' version='1.0.64' singleton='false'>
      <update id='PathToolsRSEFeature.feature.group' range='[0.0.0,1.0.64)' severity='0'/>
      <properties size='5'>
        <property name='org.eclipse.equinox.p2.name' value='Path Tools RSE Integration Feature - Optional (Requires RSE)'/>
        <property name='org.eclipse.equinox.p2.description' value='This compliments the Path Tools features by adding the Copy Path&#xA;action to the pop up menu of IRemoteFile nodes in Remote Explorer System views.'/>
        <property name='org.eclipse.equinox.p2.description.url' value='Integration Feature - Optional (Requires Subclipse)'/>
        <property name='org.eclipse.equinox.p2.provider' value='Sandip V. Chitale'/>
        <property name='org.eclipse.equinox.p2.type.group' value='true'/>
      </properties>
      <provides size='1'>
        <provided namespace='org.eclipse.equinox.p2.iu' name='PathToolsRSEFeature.feature.group' version='1.0.64'/>
      </provides>
      <requires size='7'>
        <required namespace='org.eclipse.equinox.p2.iu' name='org.eclipse.ui' range='0.0.0'/>
        <required namespace='org.eclipse.equinox.p2.iu' name='org.eclipse.core.runtime' range='0.0.0'/>
        <required namespace='org.eclipse.equinox.p2.iu' name='org.eclipse.core.resources' range='0.0.0'/>
        <required namespace='org.eclipse.equinox.p2.iu' name='org.eclipse.rse.subsystems.files.core' range='0.0.0'/>
        <required namespace='org.eclipse.equinox.p2.iu' name='PathTools' range='1.0.62'/>
        <required namespace='org.eclipse.equinox.p2.iu' name='PathToolsRSE' range='[1.0.64,1.0.64]'/>
        <required namespace='org.eclipse.equinox.p2.iu' name='PathToolsRSEFeature.feature.jar' range='[1.0.64,1.0.64]'>
          <filter>
            (org.eclipse.update.install.features=true)
          </filter>
        </required>
      </requires>
      <touchpoint id='null' version='0.0.0'/>
      <licenses size='1'>
        <license uri='http://www.opensource.org/licenses/bsd-license.php' url='http://www.opensource.org/licenses/bsd-license.php'>
          BSD
        </license>
      </licenses>
      <copyright>
        Copyright 2011, Sandip V. Chitale
      </copyright>
    </unit>
    <unit id='PathToolsSubclipseFeature.feature.group' version='1.0.67' singleton='false'>
      <update id='PathToolsSubclipseFeature.feature.group' range='[0.0.0,1.0.67)' severity='0'/>
      <properties size='5'>
        <property name='org.eclipse.equinox.p2.name' value='Path Tools Subclipse Integration Feature - Optional (Requires Subclipse)'/>
        <property name='org.eclipse.equinox.p2.description' value='This compliments the Path Tools features by adding the Copy SVN URL action to the pop up menu of resources in SVN project.'/>
        <property name='org.eclipse.equinox.p2.description.url' value='http://code.google.com/p/pathtools/'/>
        <property name='org.eclipse.equinox.p2.provider' value='Sandip V. Chitale'/>
        <property name='org.eclipse.equinox.p2.type.group' value='true'/>
      </properties>
      <provides size='1'>
        <provided namespace='org.eclipse.equinox.p2.iu' name='PathToolsSubclipseFeature.feature.group' version='1.0.67'/>
      </provides>
      <requires size='9'>
        <required namespace='org.eclipse.equinox.p2.iu' name='org.eclipse.core.runtime' range='0.0.0'/>
        <required namespace='org.eclipse.equinox.p2.iu' name='org.eclipse.core.resources' range='0.0.0'/>
        <required namespace='org.eclipse.equinox.p2.iu' name='org.eclipse.core.expressions' range='0.0.0'/>
        <required namespace='org.eclipse.equinox.p2.iu' name='org.eclipse.ui' range='0.0.0'/>
        <required namespace='org.eclipse.equinox.p2.iu' name='org.eclipse.team.core' range='0.0.0'/>
        <required namespace='org.eclipse.equinox.p2.iu' name='org.tigris.subversion.subclipse.core' range='0.0.0'/>
        <required namespace='org.eclipse.equinox.p2.iu' name='org.eclipse.osgi' range='0.0.0'/>
        <required namespace='org.eclipse.equinox.p2.iu' name='PathToolsSubclipse' range='[1.0.67,1.0.67]'/>
        <required namespace='org.eclipse.equinox.p2.iu' name='PathToolsSubclipseFeature.feature.jar' range='[1.0.67,1.0.67]'>
          <filter>
            (org.eclipse.update.install.features=true)
          </filter>
        </required>
      </requires>
      <touchpoint id='null' version='0.0.0'/>
      <licenses size='1'>
        <license uri='http://www.opensource.org/licenses/bsd-license.php' url='http://www.opensource.org/licenses/bsd-license.php'>
          BSD
        </license>
      </licenses>
      <copyright>
        Copyright 2011, Sandip V. Chitale
      </copyright>
    </unit>
    <unit id='PathToolsRSE' version='1.0.64' singleton='false'>
      <update id='PathToolsRSE' range='[0.0.0,1.0.64)' severity='0'/>
      <properties size='1'>
        <property name='org.eclipse.equinox.p2.partial.iu' value='true'/>
      </properties>
      <provides size='3'>
        <provided namespace='org.eclipse.equinox.p2.iu' name='PathToolsRSE' version='1.0.64'/>
        <provided namespace='osgi.bundle' name='PathToolsRSE' version='1.0.64'/>
        <provided namespace='org.eclipse.equinox.p2.eclipse.type' name='bundle' version='1.0.0'/>
      </provides>
      <artifacts size='1'>
        <artifact classifier='osgi.bundle' id='PathToolsRSE' version='1.0.64'/>
      </artifacts>
      <touchpoint id='org.eclipse.equinox.p2.osgi' version='1.0.0'/>
      <touchpointData size='1'>
        <instructions size='1'>
          <instruction key='manifest'>
            Bundle-SymbolicName: PathToolsRSE&#xA;Bundle-Version: 1.0.64&#xA;
          </instruction>
        </instructions>
      </touchpointData>
    </unit>
    <unit id='PathTools' version='1.0.67' singleton='false'>
      <update id='PathTools' range='[0.0.0,1.0.67)' severity='0'/>
      <properties size='1'>
        <property name='org.eclipse.equinox.p2.partial.iu' value='true'/>
      </properties>
      <provides size='3'>
        <provided namespace='org.eclipse.equinox.p2.iu' name='PathTools' version='1.0.67'/>
        <provided namespace='osgi.bundle' name='PathTools' version='1.0.67'/>
        <provided namespace='org.eclipse.equinox.p2.eclipse.type' name='bundle' version='1.0.0'/>
      </provides>
      <artifacts size='1'>
        <artifact classifier='osgi.bundle' id='PathTools' version='1.0.67'/>
      </artifacts>
      <touchpoint id='org.eclipse.equinox.p2.osgi' version='1.0.0'/>
      <touchpointData size='1'>
        <instructions size='1'>
          <instruction key='manifest'>
            Bundle-SymbolicName: PathTools&#xA;Bundle-Version: 1.0.67&#xA;
          </instruction>
        </instructions>
      </touchpointData>
    </unit>
  </units>
</repository>
