<?xml version='1.0' encoding='UTF-8'?>
<?metadataRepository class='org.eclipse.equinox.internal.p2.metadata.repository.LocalMetadataRepository' version='1.0.0'?>
<repository name='file:/home/schitale/professional/eclipse/workspace3.4.1/SandipChitalesEclipsePluginsUpdateSite/ - metadata' type='org.eclipse.equinox.internal.p2.metadata.repository.LocalMetadataRepository' version='1'>
  <properties size='2'>
    <property name='p2.compressed' value='false'/>
    <property name='p2.timestamp' value='1242490228972'/>
  </properties>
  <references size='8'>
    <repository url='http://sandipchitale.blogspot.com/' type='1' options='0'/>
    <repository url='http://code.google.com/u/sandipchitale/' type='1' options='0'/>
    <repository url='http://sandipchitale.blogspot.com/' type='0' options='0'/>
    <repository url='http://code.google.com/p/sandipchitaleseclipseplugins/' type='1' options='0'/>
    <repository url='http://code.google.com/u/sandipchitale/' type='0' options='0'/>
    <repository url='http://code.google.com/p/sandipchitaleseclipseplugins/' type='0' options='0'/>
    <repository url='http://sandipchitaleseclipseplugins.googlecode.com/svn/trunk/SandipChitalesEclipsePluginsUpdateSite/' type='1' options='0'/>
    <repository url='http://sandipchitaleseclipseplugins.googlecode.com/svn/trunk/SandipChitalesEclipsePluginsUpdateSite/' type='0' options='0'/>
  </references>
  <units size='27'>
    <unit id='tooling.source.default' version='1.0.0' singleton='false'>
      <hostRequirements size='1'>
        <required namespace='org.eclipse.equinox.p2.eclipse.type' name='source' range='0.0.0' optional='true' multiple='true' greedy='false'/>
      </hostRequirements>
      <properties size='1'>
        <property name='org.eclipse.equinox.p2.type.fragment' value='true'/>
      </properties>
      <provides size='2'>
        <provided namespace='org.eclipse.equinox.p2.iu' name='tooling.source.default' version='1.0.0'/>
        <provided namespace='org.eclipse.equinox.p2.flavor' name='tooling' version='1.0.0'/>
      </provides>
      <requires size='1'>
        <required namespace='org.eclipse.equinox.p2.eclipse.type' name='source' range='0.0.0' optional='true' multiple='true' greedy='false'/>
      </requires>
      <touchpoint id='null' version='0.0.0'/>
      <touchpointData size='1'>
        <instructions size='2'>
          <instruction key='install'>
            addSourceBundle(bundle:${artifact})
          </instruction>
          <instruction key='uninstall'>
            removeSourceBundle(bundle:${artifact})
          </instruction>
        </instructions>
      </touchpointData>
    </unit>
    <unit id='ReverseTextSelectionFeature.feature.jar' version='1.0.1'>
      <update id='ReverseTextSelectionFeature.feature.jar' range='[0.0.0,1.0.1)' severity='0'/>
      <properties size='4'>
        <property name='org.eclipse.equinox.p2.name' value='Reverse Text Selection Feature'/>
        <property name='org.eclipse.equinox.p2.description' value='Reverse Text Selection'/>
        <property name='org.eclipse.equinox.p2.description.url' value='http://code.google.com/p/sandipchitaleseclipseplugins/'/>
        <property name='org.eclipse.equinox.p2.provider' value='Sandip V. Chitale'/>
      </properties>
      <provides size='3'>
        <provided namespace='org.eclipse.equinox.p2.iu' name='ReverseTextSelectionFeature.feature.jar' version='1.0.1'/>
        <provided namespace='org.eclipse.equinox.p2.eclipse.type' name='feature' version='1.0.0'/>
        <provided namespace='org.eclipse.update.feature' name='ReverseTextSelectionFeature' version='1.0.1'/>
      </provides>
      <filter>
        (org.eclipse.update.install.features=true)
      </filter>
      <artifacts size='1'>
        <artifact classifier='org.eclipse.update.feature' id='ReverseTextSelectionFeature' version='1.0.1'/>
      </artifacts>
      <touchpoint id='org.eclipse.equinox.p2.osgi' version='1.0.0'/>
      <touchpointData size='1'>
        <instructions size='1'>
          <instruction key='zipped'>
            true
          </instruction>
        </instructions>
      </touchpointData>
      <licenses size='1'>
        <license url='http://www.opensource.org/licenses/bsd-license.php'>
          BSD
        </license>
      </licenses>
      <copyright url='http://code.google.com/p/sandipchitaleseclipseplugins/'>
        Sandip V. Chitale
      </copyright>
    </unit>
    <unit id='ReverseTextSelection' version='1.0.1'>
      <update id='ReverseTextSelection' range='[0.0.0,1.0.1)' severity='0'/>
      <properties size='2'>
        <property name='org.eclipse.equinox.p2.name' value='ReverseTextSelection Plug-in'/>
        <property name='org.eclipse.equinox.p2.provider' value='Sandip V. Chitale'/>
      </properties>
      <provides size='3'>
        <provided namespace='org.eclipse.equinox.p2.iu' name='ReverseTextSelection' version='1.0.1'/>
        <provided namespace='osgi.bundle' name='ReverseTextSelection' version='1.0.1'/>
        <provided namespace='org.eclipse.equinox.p2.eclipse.type' name='bundle' version='1.0.0'/>
      </provides>
      <requires size='3'>
        <required namespace='osgi.bundle' name='org.eclipse.ui' range='0.0.0'/>
        <required namespace='osgi.bundle' name='org.eclipse.core.runtime' range='0.0.0'/>
        <required namespace='osgi.bundle' name='org.eclipse.ui.workbench.texteditor' range='0.0.0'/>
      </requires>
      <artifacts size='1'>
        <artifact classifier='osgi.bundle' id='ReverseTextSelection' version='1.0.1'/>
      </artifacts>
      <touchpoint id='org.eclipse.equinox.p2.osgi' version='1.0.0'/>
      <touchpointData size='1'>
        <instructions size='1'>
          <instruction key='manifest'>
            Bundle-ManifestVersion: 2&#xA;Bundle-RequiredExecutionEnvironment: J2SE-1.5&#xA;Require-Bundle: org.eclipse.ui,org.eclipse.core.runtime,org.eclipse.ui.workbench.texteditor&#xA;Bundle-Activator: reversetextselection.Activator&#xA;Manifest-Version: 1.0&#xA;Bundle-Version: 1.0.1&#xA;Bundle-SymbolicName: ReverseTextSelection;singleton:=true&#xA;Bundle-Name: ReverseTextSelection Plug-in&#xA;Bundle-Vendor: Sandip V. Chitale&#xA;Eclipse-LazyStart: true&#xA;
          </instruction>
        </instructions>
      </touchpointData>
    </unit>
    <unit id='tooling.org.eclipse.update.feature.default' version='1.0.0' singleton='false'>
      <hostRequirements size='1'>
        <required namespace='org.eclipse.equinox.p2.eclipse.type' name='feature' range='0.0.0' optional='true' multiple='true' greedy='false'/>
      </hostRequirements>
      <properties size='1'>
        <property name='org.eclipse.equinox.p2.type.fragment' value='true'/>
      </properties>
      <provides size='2'>
        <provided namespace='org.eclipse.equinox.p2.iu' name='tooling.org.eclipse.update.feature.default' version='1.0.0'/>
        <provided namespace='org.eclipse.equinox.p2.flavor' name='tooling' version='1.0.0'/>
      </provides>
      <requires size='1'>
        <required namespace='org.eclipse.equinox.p2.eclipse.type' name='feature' range='0.0.0' optional='true' multiple='true' greedy='false'/>
      </requires>
      <filter>
        (org.eclipse.update.install.features=true)
      </filter>
      <touchpoint id='null' version='0.0.0'/>
      <touchpointData size='1'>
        <instructions size='2'>
          <instruction key='install'>
            installFeature(feature:${artifact},featureId:default,featureVersion:default)
          </instruction>
          <instruction key='uninstall'>
            uninstallFeature(feature:${artifact},featureId:default,featureVersion:default)
          </instruction>
        </instructions>
      </touchpointData>
    </unit>
    <unit id='FeaturesPluginsFragmentsFeature.feature.jar' version='1.0.2'>
      <update id='FeaturesPluginsFragmentsFeature.feature.jar' range='[0.0.0,1.0.2)' severity='0'/>
      <properties size='4'>
        <property name='org.eclipse.equinox.p2.name' value='Features Plug-ins Fragments Feature'/>
        <property name='org.eclipse.equinox.p2.description' value='[Enter Feature Description here.]'/>
        <property name='org.eclipse.equinox.p2.description.url' value='http://www.example.com/description'/>
        <property name='org.eclipse.equinox.p2.provider' value='Sandip V. Chitale'/>
      </properties>
      <provides size='3'>
        <provided namespace='org.eclipse.equinox.p2.iu' name='FeaturesPluginsFragmentsFeature.feature.jar' version='1.0.2'/>
        <provided namespace='org.eclipse.equinox.p2.eclipse.type' name='feature' version='1.0.0'/>
        <provided namespace='org.eclipse.update.feature' name='FeaturesPluginsFragmentsFeature' version='1.0.2'/>
      </provides>
      <filter>
        (org.eclipse.update.install.features=true)
      </filter>
      <artifacts size='1'>
        <artifact classifier='org.eclipse.update.feature' id='FeaturesPluginsFragmentsFeature' version='1.0.2'/>
      </artifacts>
      <touchpoint id='org.eclipse.equinox.p2.osgi' version='1.0.0'/>
      <touchpointData size='1'>
        <instructions size='1'>
          <instruction key='zipped'>
            true
          </instruction>
        </instructions>
      </touchpointData>
      <licenses size='1'>
        <license url='http://www.example.com/license'>
          [Enter License Description here.]
        </license>
      </licenses>
      <copyright url='http://www.example.com/copyright'>
        [Enter Copyright Description here.]
      </copyright>
    </unit>
    <unit id='Screenshot.feature.jar' version='1.0.17'>
      <update id='Screenshot.feature.jar' range='[0.0.0,1.0.17)' severity='0'/>
      <properties size='4'>
        <property name='org.eclipse.equinox.p2.name' value='Screenshot Feature'/>
        <property name='org.eclipse.equinox.p2.description' value='The feature lets you take screenshots from within Eclipse.'/>
        <property name='org.eclipse.equinox.p2.description.url' value='http://code.google.com/p/sandipchitaleseclipseplugins/'/>
        <property name='org.eclipse.equinox.p2.provider' value='Sandip Chitale'/>
      </properties>
      <provides size='3'>
        <provided namespace='org.eclipse.equinox.p2.iu' name='Screenshot.feature.jar' version='1.0.17'/>
        <provided namespace='org.eclipse.equinox.p2.eclipse.type' name='feature' version='1.0.0'/>
        <provided namespace='org.eclipse.update.feature' name='Screenshot' version='1.0.17'/>
      </provides>
      <filter>
        (org.eclipse.update.install.features=true)
      </filter>
      <artifacts size='1'>
        <artifact classifier='org.eclipse.update.feature' id='Screenshot' version='1.0.17'/>
      </artifacts>
      <touchpoint id='org.eclipse.equinox.p2.osgi' version='1.0.0'/>
      <touchpointData size='1'>
        <instructions size='1'>
          <instruction key='zipped'>
            true
          </instruction>
        </instructions>
      </touchpointData>
      <licenses size='1'>
        <license url='http://www.opensource.org/licenses/bsd-license.php'>
          BSD
        </license>
      </licenses>
      <copyright url='http://code.google.com/p/sandipchitaleseclipseplugins/'>
        Sandip Chitale
      </copyright>
    </unit>
    <unit id='FeaturesPluginsFragments' version='1.0.2'>
      <update id='FeaturesPluginsFragments' range='[0.0.0,1.0.2)' severity='0'/>
      <properties size='2'>
        <property name='org.eclipse.equinox.p2.name' value='Features Plug-ins Fragments Plug-in'/>
        <property name='org.eclipse.equinox.p2.provider' value='Sandip V. Chitale'/>
      </properties>
      <provides size='3'>
        <provided namespace='org.eclipse.equinox.p2.iu' name='FeaturesPluginsFragments' version='1.0.2'/>
        <provided namespace='osgi.bundle' name='FeaturesPluginsFragments' version='1.0.2'/>
        <provided namespace='org.eclipse.equinox.p2.eclipse.type' name='bundle' version='1.0.0'/>
      </provides>
      <requires size='3'>
        <required namespace='osgi.bundle' name='org.eclipse.ui' range='0.0.0'/>
        <required namespace='osgi.bundle' name='org.eclipse.core.runtime' range='0.0.0'/>
        <required namespace='osgi.bundle' name='org.eclipse.update.configurator' range='0.0.0'/>
      </requires>
      <artifacts size='1'>
        <artifact classifier='osgi.bundle' id='FeaturesPluginsFragments' version='1.0.2'/>
      </artifacts>
      <touchpoint id='org.eclipse.equinox.p2.osgi' version='1.0.0'/>
      <touchpointData size='1'>
        <instructions size='1'>
          <instruction key='manifest'>
            Bundle-Vendor: Sandip V. Chitale&#xA;Bundle-ManifestVersion: 2&#xA;Bundle-Activator: featurespluginsfragments.Activator&#xA;Bundle-RequiredExecutionEnvironment: J2SE-1.5&#xA;Require-Bundle: org.eclipse.ui,org.eclipse.core.runtime,org.eclipse.update.configurator&#xA;Bundle-Name: Features Plug-ins Fragments Plug-in&#xA;Bundle-ActivationPolicy: lazy&#xA;Manifest-Version: 1.0&#xA;Bundle-SymbolicName: FeaturesPluginsFragments;singleton:=true&#xA;Bundle-Version: 1.0.2&#xA;Eclipse-LazyStart: true&#xA;
          </instruction>
        </instructions>
      </touchpointData>
    </unit>
    <unit id='FeaturesPluginsFragmentsFeature.feature.group' version='1.0.2' singleton='false'>
      <update id='FeaturesPluginsFragmentsFeature.feature.group' range='[0.0.0,1.0.2)' severity='0'/>
      <properties size='5'>
        <property name='org.eclipse.equinox.p2.name' value='Features Plug-ins Fragments Feature'/>
        <property name='org.eclipse.equinox.p2.description' value='[Enter Feature Description here.]'/>
        <property name='org.eclipse.equinox.p2.description.url' value='http://www.example.com/description'/>
        <property name='org.eclipse.equinox.p2.provider' value='Sandip V. Chitale'/>
        <property name='org.eclipse.equinox.p2.type.group' value='true'/>
      </properties>
      <provides size='1'>
        <provided namespace='org.eclipse.equinox.p2.iu' name='FeaturesPluginsFragmentsFeature.feature.group' version='1.0.2'/>
      </provides>
      <requires size='2'>
        <required namespace='org.eclipse.equinox.p2.iu' name='FeaturesPluginsFragments' range='[1.0.2,1.0.2]'/>
        <required namespace='org.eclipse.equinox.p2.iu' name='FeaturesPluginsFragmentsFeature.feature.jar' range='[1.0.2,1.0.2]'>
          <filter>
            (org.eclipse.update.install.features=true)
          </filter>
        </required>
      </requires>
      <touchpoint id='null' version='0.0.0'/>
      <licenses size='1'>
        <license url='http://www.example.com/license'>
          [Enter License Description here.]
        </license>
      </licenses>
      <copyright url='http://www.example.com/copyright'>
        [Enter Copyright Description here.]
      </copyright>
    </unit>
    <unit id='ReorderFeature.feature.group' version='1.0.4' singleton='false'>
      <update id='ReorderFeature.feature.group' range='[0.0.0,1.0.4)' severity='0'/>
      <properties size='5'>
        <property name='org.eclipse.equinox.p2.name' value='Reorder Feature'/>
        <property name='org.eclipse.equinox.p2.description' value='The assymetry in the way , (comma) is used to separate the items&#xA;in parameter and arguments lists always causes problem when one&#xA;wants to reorder that list in Java editor. Is that why Java allows&#xA;trailing commas in array initializer? ;) may be.&#xA;The Reorder plug-in adds the following actions to the Java editor&#xA;tool bar.&#xA;&#xA;* Swap backward (Ctrl+,)&#xA;* Swap forward (Ctrl+.)&#xA;&#xA;Basically the actions reorder the:&#xA;* arguments of a class instance creation invocation&#xA;* arguments of a method invocation&#xA;* parameters of a method declaration&#xA;* members of array initializer &#xA;&#xA;and automatically adjust the &apos;,&apos; separator.&#xA;&#xA;For example with caret at | in:&#xA;&#xA;void method(int iii, String |sss, boolean bbb){}&#xA;&#xA;pressing Ctrl+. (i.e. Control+period) or clicking on Swap forward tool bar button yields:&#xA;&#xA;void method(int iii, boolean bbb, String |sss){}&#xA;&#xA;or pressing CTRL+, (i.e. Control+comma) or clicking on Swap backward tool bar button with the original source yields:&#xA;&#xA;void method(String |sss, int iii, boolean bbb){}'/>
        <property name='org.eclipse.equinox.p2.description.url' value='http://code.google.com/p/sandipchitaleseclipseplugins/#Reorder_Plug-in'/>
        <property name='org.eclipse.equinox.p2.provider' value='Sandip V. Chitale'/>
        <property name='org.eclipse.equinox.p2.type.group' value='true'/>
      </properties>
      <provides size='1'>
        <provided namespace='org.eclipse.equinox.p2.iu' name='ReorderFeature.feature.group' version='1.0.4'/>
      </provides>
      <requires size='2'>
        <required namespace='org.eclipse.equinox.p2.iu' name='Reorder' range='[1.0.4,1.0.4]'/>
        <required namespace='org.eclipse.equinox.p2.iu' name='ReorderFeature.feature.jar' range='[1.0.4,1.0.4]'>
          <filter>
            (org.eclipse.update.install.features=true)
          </filter>
        </required>
      </requires>
      <touchpoint id='null' version='0.0.0'/>
      <licenses size='1'>
        <license url='http://www.opensource.org/licenses/bsd-license.php'>
          BSD
        </license>
      </licenses>
      <copyright>
        Sandip V. Chitale
      </copyright>
    </unit>
    <unit id='GoogleClipsFeature.feature.group' version='1.0.6' singleton='false'>
      <update id='GoogleClipsFeature.feature.group' range='[0.0.0,1.0.6)' severity='0'/>
      <properties size='5'>
        <property name='org.eclipse.equinox.p2.name' value='Google Clip Feature'/>
        <property name='org.eclipse.equinox.p2.description' value='Google Clips Feature'/>
        <property name='org.eclipse.equinox.p2.description.url' value='http://code.google.com/p/sandipchitaleseclipseplugins/'/>
        <property name='org.eclipse.equinox.p2.provider' value='Sandip V. Chitale'/>
        <property name='org.eclipse.equinox.p2.type.group' value='true'/>
      </properties>
      <provides size='1'>
        <provided namespace='org.eclipse.equinox.p2.iu' name='GoogleClipsFeature.feature.group' version='1.0.6'/>
      </provides>
      <requires size='3'>
        <required namespace='org.eclipse.equinox.p2.iu' name='GoogleClips' range='[1.0.6,1.0.6]'/>
        <required namespace='org.eclipse.equinox.p2.iu' name='GoogleDocsLibraries' range='[1.0.0,1.0.0]'/>
        <required namespace='org.eclipse.equinox.p2.iu' name='GoogleClipsFeature.feature.jar' range='[1.0.6,1.0.6]'>
          <filter>
            (org.eclipse.update.install.features=true)
          </filter>
        </required>
      </requires>
      <touchpoint id='null' version='0.0.0'/>
      <licenses size='1'>
        <license url='http://www.opensource.org/licenses/bsd-license.php'>
          BSD&#xA;&#xA;Additional licenses:&#xA;&#xA;GData Java Client Library - http://www.apache.org/licenses/LICENSE-2.0&#xA;Java Mail - https://cds.sun.com/is-bin/INTERSHOP.enfinity/WFS/CDS-CDS_Developer-Site/en_US/-/USD/ViewLicense-Start&#xA;Java Activation Framework - https://cds.sun.com/is-bin/INTERSHOP.enfinity/WFS/CDS-CDS_Developer-Site/en_US/-/USD/ViewLicense-Start
        </license>
      </licenses>
      <copyright url='http://code.google.com/p/sandipchitaleseclipseplugins/'>
        Sandip V. Chitale
      </copyright>
    </unit>
    <unit id='ReverseTextSelectionFeature.feature.group' version='1.0.1' singleton='false'>
      <update id='ReverseTextSelectionFeature.feature.group' range='[0.0.0,1.0.1)' severity='0'/>
      <properties size='5'>
        <property name='org.eclipse.equinox.p2.name' value='Reverse Text Selection Feature'/>
        <property name='org.eclipse.equinox.p2.description' value='Reverse Text Selection'/>
        <property name='org.eclipse.equinox.p2.description.url' value='http://code.google.com/p/sandipchitaleseclipseplugins/'/>
        <property name='org.eclipse.equinox.p2.provider' value='Sandip V. Chitale'/>
        <property name='org.eclipse.equinox.p2.type.group' value='true'/>
      </properties>
      <provides size='1'>
        <provided namespace='org.eclipse.equinox.p2.iu' name='ReverseTextSelectionFeature.feature.group' version='1.0.1'/>
      </provides>
      <requires size='2'>
        <required namespace='org.eclipse.equinox.p2.iu' name='ReverseTextSelection' range='[1.0.1,1.0.1]'/>
        <required namespace='org.eclipse.equinox.p2.iu' name='ReverseTextSelectionFeature.feature.jar' range='[1.0.1,1.0.1]'>
          <filter>
            (org.eclipse.update.install.features=true)
          </filter>
        </required>
      </requires>
      <touchpoint id='null' version='0.0.0'/>
      <licenses size='1'>
        <license url='http://www.opensource.org/licenses/bsd-license.php'>
          BSD
        </license>
      </licenses>
      <copyright url='http://code.google.com/p/sandipchitaleseclipseplugins/'>
        Sandip V. Chitale
      </copyright>
    </unit>
    <unit id='MultiPageEditorTabTraverseFeature.feature.group' version='1.0.0' singleton='false'>
      <update id='MultiPageEditorTabTraverseFeature.feature.group' range='[0.0.0,1.0.0)' severity='0'/>
      <properties size='5'>
        <property name='org.eclipse.equinox.p2.name' value='MultiPage Editor Tab Traverse Feature'/>
        <property name='org.eclipse.equinox.p2.description' value='This feature provides keybindngs and commmands to enable navigation&#xA;of tabs in Multi Page Editors.&#xA;The default keybindings are:&#xA;CTRL+TAB       - Next Tab&#xA;CTRL+SHIFT+TAB - Previous Tab'/>
        <property name='org.eclipse.equinox.p2.description.url' value='http://code.google.com/p/sandipchitaleseclipseplugins/'/>
        <property name='org.eclipse.equinox.p2.provider' value='Sandip V. Chitale'/>
        <property name='org.eclipse.equinox.p2.type.group' value='true'/>
      </properties>
      <provides size='1'>
        <provided namespace='org.eclipse.equinox.p2.iu' name='MultiPageEditorTabTraverseFeature.feature.group' version='1.0.0'/>
      </provides>
      <requires size='2'>
        <required namespace='org.eclipse.equinox.p2.iu' name='MultiPageEditorTabTraverse' range='[1.0.0,1.0.0]'/>
        <required namespace='org.eclipse.equinox.p2.iu' name='MultiPageEditorTabTraverseFeature.feature.jar' range='[1.0.0,1.0.0]'>
          <filter>
            (org.eclipse.update.install.features=true)
          </filter>
        </required>
      </requires>
      <touchpoint id='null' version='0.0.0'/>
      <licenses size='1'>
        <license url='http://www.example.com/license'>
          [Enter License Description here.]
        </license>
      </licenses>
      <copyright url='http://code.google.com/p/sandipchitaleseclipseplugins/'>
        [Enter Copyright Description here.]
      </copyright>
    </unit>
    <unit id='GoogleClips' version='1.0.6'>
      <update id='GoogleClips' range='[0.0.0,1.0.6)' severity='0'/>
      <properties size='2'>
        <property name='org.eclipse.equinox.p2.name' value='Google Clips Plug-in'/>
        <property name='org.eclipse.equinox.p2.provider' value='Sandip Chitale'/>
      </properties>
      <provides size='3'>
        <provided namespace='org.eclipse.equinox.p2.iu' name='GoogleClips' version='1.0.6'/>
        <provided namespace='osgi.bundle' name='GoogleClips' version='1.0.6'/>
        <provided namespace='org.eclipse.equinox.p2.eclipse.type' name='bundle' version='1.0.0'/>
      </provides>
      <requires size='5'>
        <required namespace='osgi.bundle' name='org.eclipse.ui' range='0.0.0'/>
        <required namespace='osgi.bundle' name='org.eclipse.core.runtime' range='0.0.0'/>
        <required namespace='osgi.bundle' name='org.eclipse.ui.editors' range='0.0.0'/>
        <required namespace='osgi.bundle' name='org.eclipse.jface.text' range='0.0.0'/>
        <required namespace='osgi.bundle' name='GoogleDocsLibraries' range='0.0.0'/>
      </requires>
      <artifacts size='1'>
        <artifact classifier='osgi.bundle' id='GoogleClips' version='1.0.6'/>
      </artifacts>
      <touchpoint id='org.eclipse.equinox.p2.osgi' version='1.0.0'/>
      <touchpointData size='1'>
        <instructions size='1'>
          <instruction key='manifest'>
            Bundle-Vendor: Sandip Chitale&#xA;Bundle-ManifestVersion: 2&#xA;Bundle-Activator: googleclips.Activator&#xA;Bundle-RequiredExecutionEnvironment: J2SE-1.5&#xA;Require-Bundle: org.eclipse.ui,org.eclipse.core.runtime,org.eclipse.ui.editors,org.eclipse.jface.text,GoogleDocsLibraries&#xA;Bundle-Name: Google Clips Plug-in&#xA;Bundle-ActivationPolicy: lazy&#xA;Manifest-Version: 1.0&#xA;Bundle-SymbolicName: GoogleClips;singleton:=true&#xA;Bundle-Version: 1.0.6&#xA;Eclipse-LazyStart: true&#xA;
          </instruction>
        </instructions>
      </touchpointData>
    </unit>
    <unit id='Reorder' version='1.0.4'>
      <update id='Reorder' range='[0.0.0,1.0.4)' severity='0'/>
      <properties size='2'>
        <property name='org.eclipse.equinox.p2.name' value='Reorder Plug-in'/>
        <property name='org.eclipse.equinox.p2.provider' value='Sandip V. Chitale'/>
      </properties>
      <provides size='3'>
        <provided namespace='org.eclipse.equinox.p2.iu' name='Reorder' version='1.0.4'/>
        <provided namespace='osgi.bundle' name='Reorder' version='1.0.4'/>
        <provided namespace='org.eclipse.equinox.p2.eclipse.type' name='bundle' version='1.0.0'/>
      </provides>
      <requires size='6'>
        <required namespace='osgi.bundle' name='org.eclipse.ui' range='0.0.0'/>
        <required namespace='osgi.bundle' name='org.eclipse.core.runtime' range='0.0.0'/>
        <required namespace='osgi.bundle' name='org.eclipse.jdt.core' range='3.4.0'/>
        <required namespace='osgi.bundle' name='org.eclipse.jdt.ui' range='3.4.0'/>
        <required namespace='osgi.bundle' name='org.eclipse.ui.editors' range='3.4.0'/>
        <required namespace='osgi.bundle' name='org.eclipse.jface.text' range='3.4.0'/>
      </requires>
      <artifacts size='1'>
        <artifact classifier='osgi.bundle' id='Reorder' version='1.0.4'/>
      </artifacts>
      <touchpoint id='org.eclipse.equinox.p2.osgi' version='1.0.0'/>
      <touchpointData size='1'>
        <instructions size='1'>
          <instruction key='manifest'>
            Bundle-ManifestVersion: 2&#xA;Bundle-RequiredExecutionEnvironment: J2SE-1.5&#xA;Require-Bundle: org.eclipse.ui,org.eclipse.core.runtime,org.eclipse.jdt.core;bundle-version=&quot;3.4.0&quot;,org.eclipse.jdt.ui;bundle-version=&quot;3.4.0&quot;,org.eclipse.ui.editors;bundle-version=&quot;3.4.0&quot;,org.eclipse.jface.text;bundle-version=&quot;3.4.0&quot;&#xA;Bundle-Activator: reorder.Activator&#xA;Manifest-Version: 1.0&#xA;Bundle-Version: 1.0.4&#xA;Bundle-SymbolicName: Reorder;singleton:=true&#xA;Bundle-ActivationPolicy: lazy&#xA;Bundle-Name: Reorder Plug-in&#xA;Bundle-Vendor: Sandip V. Chitale&#xA;
          </instruction>
        </instructions>
      </touchpointData>
    </unit>
    <unit id='SamplerFeature.feature.group' version='1.0.5' singleton='false'>
      <update id='SamplerFeature.feature.group' range='[0.0.0,1.0.5)' severity='0'/>
      <properties size='5'>
        <property name='org.eclipse.equinox.p2.name' value='Sampler Feature'/>
        <property name='org.eclipse.equinox.p2.description' value='Sampler Feature'/>
        <property name='org.eclipse.equinox.p2.description.url' value='http://code.google.com/p/sandipchitaleseclipseplugins/'/>
        <property name='org.eclipse.equinox.p2.provider' value='Sandip Chitale'/>
        <property name='org.eclipse.equinox.p2.type.group' value='true'/>
      </properties>
      <provides size='1'>
        <provided namespace='org.eclipse.equinox.p2.iu' name='SamplerFeature.feature.group' version='1.0.5'/>
      </provides>
      <requires size='2'>
        <required namespace='org.eclipse.equinox.p2.iu' name='Sampler' range='[1.0.5,1.0.5]'/>
        <required namespace='org.eclipse.equinox.p2.iu' name='SamplerFeature.feature.jar' range='[1.0.5,1.0.5]'>
          <filter>
            (org.eclipse.update.install.features=true)
          </filter>
        </required>
      </requires>
      <touchpoint id='null' version='0.0.0'/>
      <licenses size='1'>
        <license url='http://www.opensource.org/licenses/bsd-license.php'>
          BSD
        </license>
      </licenses>
      <copyright url='http://code.google.com/p/sandipchitaleseclipseplugins/'>
        Sandip V. Chitale
      </copyright>
    </unit>
    <unit id='MultiPageEditorTabTraverse' version='1.0.0'>
      <update id='MultiPageEditorTabTraverse' range='[0.0.0,1.0.0)' severity='0'/>
      <properties size='2'>
        <property name='org.eclipse.equinox.p2.name' value='MultiPage Editor Tab Traverse Plug-in'/>
        <property name='org.eclipse.equinox.p2.provider' value='Sandip V. Chitale'/>
      </properties>
      <provides size='3'>
        <provided namespace='org.eclipse.equinox.p2.iu' name='MultiPageEditorTabTraverse' version='1.0.0'/>
        <provided namespace='osgi.bundle' name='MultiPageEditorTabTraverse' version='1.0.0'/>
        <provided namespace='org.eclipse.equinox.p2.eclipse.type' name='bundle' version='1.0.0'/>
      </provides>
      <requires size='3'>
        <required namespace='osgi.bundle' name='org.eclipse.ui' range='0.0.0'/>
        <required namespace='osgi.bundle' name='org.eclipse.core.runtime' range='0.0.0'/>
        <required namespace='osgi.bundle' name='org.eclipse.core.commands' range='0.0.0'/>
      </requires>
      <artifacts size='1'>
        <artifact classifier='osgi.bundle' id='MultiPageEditorTabTraverse' version='1.0.0'/>
      </artifacts>
      <touchpoint id='org.eclipse.equinox.p2.osgi' version='1.0.0'/>
      <touchpointData size='1'>
        <instructions size='1'>
          <instruction key='manifest'>
            Bundle-Vendor: Sandip V. Chitale&#xA;Bundle-ManifestVersion: 2&#xA;Bundle-Activator: multipageeditortabtraverse.Activator&#xA;Bundle-RequiredExecutionEnvironment: J2SE-1.5&#xA;Require-Bundle: org.eclipse.ui,org.eclipse.core.runtime,org.eclipse.core.commands&#xA;Bundle-Name: MultiPage Editor Tab Traverse Plug-in&#xA;Bundle-ActivationPolicy: lazy&#xA;Manifest-Version: 1.0&#xA;Bundle-SymbolicName: MultiPageEditorTabTraverse;singleton:=true&#xA;Bundle-Version: 1.0.0&#xA;Eclipse-LazyStart: true&#xA;
          </instruction>
        </instructions>
      </touchpointData>
    </unit>
    <unit id='tooling.osgi.bundle.default' version='1.0.0' singleton='false'>
      <hostRequirements size='1'>
        <required namespace='org.eclipse.equinox.p2.eclipse.type' name='bundle' range='0.0.0' multiple='true' greedy='false'/>
      </hostRequirements>
      <properties size='1'>
        <property name='org.eclipse.equinox.p2.type.fragment' value='true'/>
      </properties>
      <provides size='2'>
        <provided namespace='org.eclipse.equinox.p2.iu' name='tooling.osgi.bundle.default' version='1.0.0'/>
        <provided namespace='org.eclipse.equinox.p2.flavor' name='tooling' version='1.0.0'/>
      </provides>
      <requires size='1'>
        <required namespace='org.eclipse.equinox.p2.eclipse.type' name='bundle' range='0.0.0' multiple='true' greedy='false'/>
      </requires>
      <touchpoint id='null' version='0.0.0'/>
      <touchpointData size='1'>
        <instructions size='4'>
          <instruction key='install'>
            installBundle(bundle:${artifact})
          </instruction>
          <instruction key='uninstall'>
            uninstallBundle(bundle:${artifact})
          </instruction>
          <instruction key='unconfigure'>

          </instruction>
          <instruction key='configure'>
            setStartLevel(startLevel:4);
          </instruction>
        </instructions>
      </touchpointData>
    </unit>
    <unit id='Screenshot.feature.group' version='1.0.17' singleton='false'>
      <update id='Screenshot.feature.group' range='[0.0.0,1.0.17)' severity='0'/>
      <properties size='5'>
        <property name='org.eclipse.equinox.p2.name' value='Screenshot Feature'/>
        <property name='org.eclipse.equinox.p2.description' value='The feature lets you take screenshots from within Eclipse.'/>
        <property name='org.eclipse.equinox.p2.description.url' value='http://code.google.com/p/sandipchitaleseclipseplugins/'/>
        <property name='org.eclipse.equinox.p2.provider' value='Sandip Chitale'/>
        <property name='org.eclipse.equinox.p2.type.group' value='true'/>
      </properties>
      <provides size='1'>
        <provided namespace='org.eclipse.equinox.p2.iu' name='Screenshot.feature.group' version='1.0.17'/>
      </provides>
      <requires size='2'>
        <required namespace='org.eclipse.equinox.p2.iu' name='screenshot' range='[1.0.17,1.0.17]'/>
        <required namespace='org.eclipse.equinox.p2.iu' name='Screenshot.feature.jar' range='[1.0.17,1.0.17]'>
          <filter>
            (org.eclipse.update.install.features=true)
          </filter>
        </required>
      </requires>
      <touchpoint id='null' version='0.0.0'/>
      <licenses size='1'>
        <license url='http://www.opensource.org/licenses/bsd-license.php'>
          BSD
        </license>
      </licenses>
      <copyright url='http://code.google.com/p/sandipchitaleseclipseplugins/'>
        Sandip Chitale
      </copyright>
    </unit>
    <unit id='a.jre' version='1.6.0' singleton='false'>
      <provides size='117'>
        <provided namespace='org.eclipse.equinox.p2.iu' name='a.jre' version='1.6.0'/>
        <provided namespace='java.package' name='javax.accessibility' version='0.0.0'/>
        <provided namespace='java.package' name='javax.activity' version='0.0.0'/>
        <provided namespace='java.package' name='javax.crypto' version='0.0.0'/>
        <provided namespace='java.package' name='javax.crypto.interfaces' version='0.0.0'/>
        <provided namespace='java.package' name='javax.crypto.spec' version='0.0.0'/>
        <provided namespace='java.package' name='javax.imageio' version='0.0.0'/>
        <provided namespace='java.package' name='javax.imageio.event' version='0.0.0'/>
        <provided namespace='java.package' name='javax.imageio.metadata' version='0.0.0'/>
        <provided namespace='java.package' name='javax.imageio.plugins.bmp' version='0.0.0'/>
        <provided namespace='java.package' name='javax.imageio.plugins.jpeg' version='0.0.0'/>
        <provided namespace='java.package' name='javax.imageio.spi' version='0.0.0'/>
        <provided namespace='java.package' name='javax.imageio.stream' version='0.0.0'/>
        <provided namespace='java.package' name='javax.management' version='0.0.0'/>
        <provided namespace='java.package' name='javax.management.loading' version='0.0.0'/>
        <provided namespace='java.package' name='javax.management.modelmbean' version='0.0.0'/>
        <provided namespace='java.package' name='javax.management.monitor' version='0.0.0'/>
        <provided namespace='java.package' name='javax.management.openmbean' version='0.0.0'/>
        <provided namespace='java.package' name='javax.management.relation' version='0.0.0'/>
        <provided namespace='java.package' name='javax.management.remote' version='0.0.0'/>
        <provided namespace='java.package' name='javax.management.remote.rmi' version='0.0.0'/>
        <provided namespace='java.package' name='javax.management.timer' version='0.0.0'/>
        <provided namespace='java.package' name='javax.naming' version='0.0.0'/>
        <provided namespace='java.package' name='javax.naming.directory' version='0.0.0'/>
        <provided namespace='java.package' name='javax.naming.event' version='0.0.0'/>
        <provided namespace='java.package' name='javax.naming.ldap' version='0.0.0'/>
        <provided namespace='java.package' name='javax.naming.spi' version='0.0.0'/>
        <provided namespace='java.package' name='javax.net' version='0.0.0'/>
        <provided namespace='java.package' name='javax.net.ssl' version='0.0.0'/>
        <provided namespace='java.package' name='javax.print' version='0.0.0'/>
        <provided namespace='java.package' name='javax.print.attribute' version='0.0.0'/>
        <provided namespace='java.package' name='javax.print.attribute.standard' version='0.0.0'/>
        <provided namespace='java.package' name='javax.print.event' version='0.0.0'/>
        <provided namespace='java.package' name='javax.rmi' version='0.0.0'/>
        <provided namespace='java.package' name='javax.rmi.CORBA' version='0.0.0'/>
        <provided namespace='java.package' name='javax.rmi.ssl' version='0.0.0'/>
        <provided namespace='java.package' name='javax.security.auth' version='0.0.0'/>
        <provided namespace='java.package' name='javax.security.auth.callback' version='0.0.0'/>
        <provided namespace='java.package' name='javax.security.auth.kerberos' version='0.0.0'/>
        <provided namespace='java.package' name='javax.security.auth.login' version='0.0.0'/>
        <provided namespace='java.package' name='javax.security.auth.spi' version='0.0.0'/>
        <provided namespace='java.package' name='javax.security.auth.x500' version='0.0.0'/>
        <provided namespace='java.package' name='javax.security.cert' version='0.0.0'/>
        <provided namespace='java.package' name='javax.security.sasl' version='0.0.0'/>
        <provided namespace='java.package' name='javax.sound.midi' version='0.0.0'/>
        <provided namespace='java.package' name='javax.sound.midi.spi' version='0.0.0'/>
        <provided namespace='java.package' name='javax.sound.sampled' version='0.0.0'/>
        <provided namespace='java.package' name='javax.sound.sampled.spi' version='0.0.0'/>
        <provided namespace='java.package' name='javax.sql' version='0.0.0'/>
        <provided namespace='java.package' name='javax.sql.rowset' version='0.0.0'/>
        <provided namespace='java.package' name='javax.sql.rowset.serial' version='0.0.0'/>
        <provided namespace='java.package' name='javax.sql.rowset.spi' version='0.0.0'/>
        <provided namespace='java.package' name='javax.swing' version='0.0.0'/>
        <provided namespace='java.package' name='javax.swing.border' version='0.0.0'/>
        <provided namespace='java.package' name='javax.swing.colorchooser' version='0.0.0'/>
        <provided namespace='java.package' name='javax.swing.event' version='0.0.0'/>
        <provided namespace='java.package' name='javax.swing.filechooser' version='0.0.0'/>
        <provided namespace='java.package' name='javax.swing.plaf' version='0.0.0'/>
        <provided namespace='java.package' name='javax.swing.plaf.basic' version='0.0.0'/>
        <provided namespace='java.package' name='javax.swing.plaf.metal' version='0.0.0'/>
        <provided namespace='java.package' name='javax.swing.plaf.multi' version='0.0.0'/>
        <provided namespace='java.package' name='javax.swing.plaf.synth' version='0.0.0'/>
        <provided namespace='java.package' name='javax.swing.table' version='0.0.0'/>
        <provided namespace='java.package' name='javax.swing.text' version='0.0.0'/>
        <provided namespace='java.package' name='javax.swing.text.html' version='0.0.0'/>
        <provided namespace='java.package' name='javax.swing.text.html.parser' version='0.0.0'/>
        <provided namespace='java.package' name='javax.swing.text.rtf' version='0.0.0'/>
        <provided namespace='java.package' name='javax.swing.tree' version='0.0.0'/>
        <provided namespace='java.package' name='javax.swing.undo' version='0.0.0'/>
        <provided namespace='java.package' name='javax.transaction' version='0.0.0'/>
        <provided namespace='java.package' name='javax.transaction.xa' version='0.0.0'/>
        <provided namespace='java.package' name='javax.xml' version='0.0.0'/>
        <provided namespace='java.package' name='javax.xml.datatype' version='0.0.0'/>
        <provided namespace='java.package' name='javax.xml.namespace' version='0.0.0'/>
        <provided namespace='java.package' name='javax.xml.parsers' version='0.0.0'/>
        <provided namespace='java.package' name='javax.xml.transform' version='0.0.0'/>
        <provided namespace='java.package' name='javax.xml.transform.dom' version='0.0.0'/>
        <provided namespace='java.package' name='javax.xml.transform.sax' version='0.0.0'/>
        <provided namespace='java.package' name='javax.xml.transform.stream' version='0.0.0'/>
        <provided namespace='java.package' name='javax.xml.validation' version='0.0.0'/>
        <provided namespace='java.package' name='javax.xml.xpath' version='0.0.0'/>
        <provided namespace='java.package' name='org.ietf.jgss' version='0.0.0'/>
        <provided namespace='java.package' name='org.omg.CORBA' version='0.0.0'/>
        <provided namespace='java.package' name='org.omg.CORBA_2_3' version='0.0.0'/>
        <provided namespace='java.package' name='org.omg.CORBA_2_3.portable' version='0.0.0'/>
        <provided namespace='java.package' name='org.omg.CORBA.DynAnyPackage' version='0.0.0'/>
        <provided namespace='java.package' name='org.omg.CORBA.ORBPackage' version='0.0.0'/>
        <provided namespace='java.package' name='org.omg.CORBA.portable' version='0.0.0'/>
        <provided namespace='java.package' name='org.omg.CORBA.TypeCodePackage' version='0.0.0'/>
        <provided namespace='java.package' name='org.omg.CosNaming' version='0.0.0'/>
        <provided namespace='java.package' name='org.omg.CosNaming.NamingContextExtPackage' version='0.0.0'/>
        <provided namespace='java.package' name='org.omg.CosNaming.NamingContextPackage' version='0.0.0'/>
        <provided namespace='java.package' name='org.omg.Dynamic' version='0.0.0'/>
        <provided namespace='java.package' name='org.omg.DynamicAny' version='0.0.0'/>
        <provided namespace='java.package' name='org.omg.DynamicAny.DynAnyFactoryPackage' version='0.0.0'/>
        <provided namespace='java.package' name='org.omg.DynamicAny.DynAnyPackage' version='0.0.0'/>
        <provided namespace='java.package' name='org.omg.IOP' version='0.0.0'/>
        <provided namespace='java.package' name='org.omg.IOP.CodecFactoryPackage' version='0.0.0'/>
        <provided namespace='java.package' name='org.omg.IOP.CodecPackage' version='0.0.0'/>
        <provided namespace='java.package' name='org.omg.Messaging' version='0.0.0'/>
        <provided namespace='java.package' name='org.omg.PortableInterceptor' version='0.0.0'/>
        <provided namespace='java.package' name='org.omg.PortableInterceptor.ORBInitInfoPackage' version='0.0.0'/>
        <provided namespace='java.package' name='org.omg.PortableServer' version='0.0.0'/>
        <provided namespace='java.package' name='org.omg.PortableServer.CurrentPackage' version='0.0.0'/>
        <provided namespace='java.package' name='org.omg.PortableServer.POAManagerPackage' version='0.0.0'/>
        <provided namespace='java.package' name='org.omg.PortableServer.POAPackage' version='0.0.0'/>
        <provided namespace='java.package' name='org.omg.PortableServer.portable' version='0.0.0'/>
        <provided namespace='java.package' name='org.omg.PortableServer.ServantLocatorPackage' version='0.0.0'/>
        <provided namespace='java.package' name='org.omg.SendingContext' version='0.0.0'/>
        <provided namespace='java.package' name='org.omg.stub.java.rmi' version='0.0.0'/>
        <provided namespace='java.package' name='org.w3c.dom' version='0.0.0'/>
        <provided namespace='java.package' name='org.w3c.dom.bootstrap' version='0.0.0'/>
        <provided namespace='java.package' name='org.w3c.dom.events' version='0.0.0'/>
        <provided namespace='java.package' name='org.w3c.dom.ls' version='0.0.0'/>
        <provided namespace='java.package' name='org.xml.sax' version='0.0.0'/>
        <provided namespace='java.package' name='org.xml.sax.ext' version='0.0.0'/>
        <provided namespace='java.package' name='org.xml.sax.helpers' version='0.0.0'/>
      </provides>
      <touchpoint id='org.eclipse.equinox.p2.native' version='1.0.0'/>
    </unit>
    <unit id='MultiPageEditorTabTraverseFeature.feature.jar' version='1.0.0'>
      <update id='MultiPageEditorTabTraverseFeature.feature.jar' range='[0.0.0,1.0.0)' severity='0'/>
      <properties size='4'>
        <property name='org.eclipse.equinox.p2.name' value='MultiPage Editor Tab Traverse Feature'/>
        <property name='org.eclipse.equinox.p2.description' value='This feature provides keybindngs and commmands to enable navigation&#xA;of tabs in Multi Page Editors.&#xA;The default keybindings are:&#xA;CTRL+TAB       - Next Tab&#xA;CTRL+SHIFT+TAB - Previous Tab'/>
        <property name='org.eclipse.equinox.p2.description.url' value='http://code.google.com/p/sandipchitaleseclipseplugins/'/>
        <property name='org.eclipse.equinox.p2.provider' value='Sandip V. Chitale'/>
      </properties>
      <provides size='3'>
        <provided namespace='org.eclipse.equinox.p2.iu' name='MultiPageEditorTabTraverseFeature.feature.jar' version='1.0.0'/>
        <provided namespace='org.eclipse.equinox.p2.eclipse.type' name='feature' version='1.0.0'/>
        <provided namespace='org.eclipse.update.feature' name='MultiPageEditorTabTraverseFeature' version='1.0.0'/>
      </provides>
      <filter>
        (org.eclipse.update.install.features=true)
      </filter>
      <artifacts size='1'>
        <artifact classifier='org.eclipse.update.feature' id='MultiPageEditorTabTraverseFeature' version='1.0.0'/>
      </artifacts>
      <touchpoint id='org.eclipse.equinox.p2.osgi' version='1.0.0'/>
      <touchpointData size='1'>
        <instructions size='1'>
          <instruction key='zipped'>
            true
          </instruction>
        </instructions>
      </touchpointData>
      <licenses size='1'>
        <license url='http://www.example.com/license'>
          [Enter License Description here.]
        </license>
      </licenses>
      <copyright url='http://code.google.com/p/sandipchitaleseclipseplugins/'>
        [Enter Copyright Description here.]
      </copyright>
    </unit>
    <unit id='GoogleDocsLibraries' version='1.0.0' singleton='false'>
      <update id='GoogleDocsLibraries' range='[0.0.0,1.0.0)' severity='0'/>
      <properties size='2'>
        <property name='org.eclipse.equinox.p2.name' value='GoogleDocsLibraries Plug-in'/>
        <property name='org.eclipse.equinox.p2.provider' value='Sandip V. Chitale'/>
      </properties>
      <provides size='9'>
        <provided namespace='org.eclipse.equinox.p2.iu' name='GoogleDocsLibraries' version='1.0.0'/>
        <provided namespace='osgi.bundle' name='GoogleDocsLibraries' version='1.0.0'/>
        <provided namespace='java.package' name='com.google.api.gbase.client' version='0.0.0'/>
        <provided namespace='java.package' name='com.google.gdata.client' version='0.0.0'/>
        <provided namespace='java.package' name='com.google.gdata.client.spreadsheet' version='0.0.0'/>
        <provided namespace='java.package' name='com.google.gdata.data' version='0.0.0'/>
        <provided namespace='java.package' name='com.google.gdata.data.spreadsheet' version='0.0.0'/>
        <provided namespace='java.package' name='com.google.gdata.util' version='0.0.0'/>
        <provided namespace='org.eclipse.equinox.p2.eclipse.type' name='bundle' version='1.0.0'/>
      </provides>
      <requires size='2'>
        <required namespace='osgi.bundle' name='org.eclipse.ui' range='0.0.0'/>
        <required namespace='osgi.bundle' name='org.eclipse.core.runtime' range='0.0.0'/>
      </requires>
      <artifacts size='1'>
        <artifact classifier='osgi.bundle' id='GoogleDocsLibraries' version='1.0.0'/>
      </artifacts>
      <touchpoint id='org.eclipse.equinox.p2.osgi' version='1.0.0'/>
      <touchpointData size='1'>
        <instructions size='1'>
          <instruction key='manifest'>
            Bundle-Vendor: Sandip V. Chitale&#xA;Bundle-ManifestVersion: 2&#xA;Bundle-RequiredExecutionEnvironment: J2SE-1.5&#xA;Bundle-ClassPath: libs/gdata-base-1.0.jar,libs/gdata-core-1.0.jar,libs/gdata-spreadsheet-2.0.jar,libs/gdata-spreadsheet-meta-2.0.jar,libs/activation.jar,libs/mail.jar,.&#xA;Require-Bundle: org.eclipse.ui,org.eclipse.core.runtime&#xA;Bundle-Name: GoogleDocsLibraries Plug-in&#xA;Manifest-Version: 1.0&#xA;Bundle-SymbolicName: GoogleDocsLibraries&#xA;Bundle-Version: 1.0.0&#xA;Eclipse-LazyStart: true&#xA;Export-Package: com.google.api.gbase.client,com.google.gdata.client,com.google.gdata.client.spreadsheet,com.google.gdata.data,com.google.gdata.data.spreadsheet,com.google.gdata.util&#xA;
          </instruction>
        </instructions>
      </touchpointData>
    </unit>
    <unit id='Sampler' version='1.0.5'>
      <update id='Sampler' range='[0.0.0,1.0.5)' severity='0'/>
      <properties size='2'>
        <property name='org.eclipse.equinox.p2.name' value='Sampler Plug-in'/>
        <property name='org.eclipse.equinox.p2.provider' value='Sandip V. Chitale'/>
      </properties>
      <provides size='3'>
        <provided namespace='org.eclipse.equinox.p2.iu' name='Sampler' version='1.0.5'/>
        <provided namespace='osgi.bundle' name='Sampler' version='1.0.5'/>
        <provided namespace='org.eclipse.equinox.p2.eclipse.type' name='bundle' version='1.0.0'/>
      </provides>
      <requires size='2'>
        <required namespace='osgi.bundle' name='org.eclipse.ui' range='0.0.0'/>
        <required namespace='osgi.bundle' name='org.eclipse.core.runtime' range='0.0.0'/>
      </requires>
      <artifacts size='1'>
        <artifact classifier='osgi.bundle' id='Sampler' version='1.0.5'/>
      </artifacts>
      <touchpoint id='org.eclipse.equinox.p2.osgi' version='1.0.0'/>
      <touchpointData size='1'>
        <instructions size='1'>
          <instruction key='manifest'>
            Bundle-ManifestVersion: 2&#xA;Bundle-RequiredExecutionEnvironment: J2SE-1.5&#xA;Require-Bundle: org.eclipse.ui,org.eclipse.core.runtime&#xA;Bundle-Activator: sampler.Activator&#xA;Manifest-Version: 1.0&#xA;Bundle-Version: 1.0.5&#xA;Bundle-SymbolicName: Sampler;singleton:=true&#xA;Bundle-Name: Sampler Plug-in&#xA;Bundle-Vendor: Sandip V. Chitale&#xA;Eclipse-LazyStart: true&#xA;
          </instruction>
        </instructions>
      </touchpointData>
    </unit>
    <unit id='GoogleClipsFeature.feature.jar' version='1.0.6'>
      <update id='GoogleClipsFeature.feature.jar' range='[0.0.0,1.0.6)' severity='0'/>
      <properties size='4'>
        <property name='org.eclipse.equinox.p2.name' value='Google Clip Feature'/>
        <property name='org.eclipse.equinox.p2.description' value='Google Clips Feature'/>
        <property name='org.eclipse.equinox.p2.description.url' value='http://code.google.com/p/sandipchitaleseclipseplugins/'/>
        <property name='org.eclipse.equinox.p2.provider' value='Sandip V. Chitale'/>
      </properties>
      <provides size='3'>
        <provided namespace='org.eclipse.equinox.p2.iu' name='GoogleClipsFeature.feature.jar' version='1.0.6'/>
        <provided namespace='org.eclipse.equinox.p2.eclipse.type' name='feature' version='1.0.0'/>
        <provided namespace='org.eclipse.update.feature' name='GoogleClipsFeature' version='1.0.6'/>
      </provides>
      <filter>
        (org.eclipse.update.install.features=true)
      </filter>
      <artifacts size='1'>
        <artifact classifier='org.eclipse.update.feature' id='GoogleClipsFeature' version='1.0.6'/>
      </artifacts>
      <touchpoint id='org.eclipse.equinox.p2.osgi' version='1.0.0'/>
      <touchpointData size='1'>
        <instructions size='1'>
          <instruction key='zipped'>
            true
          </instruction>
        </instructions>
      </touchpointData>
      <licenses size='1'>
        <license url='http://www.opensource.org/licenses/bsd-license.php'>
          BSD&#xA;&#xA;Additional licenses:&#xA;&#xA;GData Java Client Library - http://www.apache.org/licenses/LICENSE-2.0&#xA;Java Mail - https://cds.sun.com/is-bin/INTERSHOP.enfinity/WFS/CDS-CDS_Developer-Site/en_US/-/USD/ViewLicense-Start&#xA;Java Activation Framework - https://cds.sun.com/is-bin/INTERSHOP.enfinity/WFS/CDS-CDS_Developer-Site/en_US/-/USD/ViewLicense-Start
        </license>
      </licenses>
      <copyright url='http://code.google.com/p/sandipchitaleseclipseplugins/'>
        Sandip V. Chitale
      </copyright>
    </unit>
    <unit id='screenshot' version='1.0.17'>
      <update id='screenshot' range='[0.0.0,1.0.17)' severity='0'/>
      <properties size='2'>
        <property name='org.eclipse.equinox.p2.name' value='Screenshot'/>
        <property name='org.eclipse.equinox.p2.provider' value='Sandip V. Chitale'/>
      </properties>
      <provides size='3'>
        <provided namespace='org.eclipse.equinox.p2.iu' name='screenshot' version='1.0.17'/>
        <provided namespace='osgi.bundle' name='screenshot' version='1.0.17'/>
        <provided namespace='org.eclipse.equinox.p2.eclipse.type' name='bundle' version='1.0.0'/>
      </provides>
      <requires size='4'>
        <required namespace='osgi.bundle' name='org.eclipse.ui' range='0.0.0'/>
        <required namespace='osgi.bundle' name='org.eclipse.core.runtime' range='0.0.0'/>
        <required namespace='osgi.bundle' name='org.eclipse.core.resources' range='0.0.0'/>
        <required namespace='osgi.bundle' name='org.eclipse.ui.ide' range='0.0.0'/>
      </requires>
      <artifacts size='1'>
        <artifact classifier='osgi.bundle' id='screenshot' version='1.0.17'/>
      </artifacts>
      <touchpoint id='org.eclipse.equinox.p2.osgi' version='1.0.0'/>
      <touchpointData size='1'>
        <instructions size='1'>
          <instruction key='manifest'>
            Bundle-ManifestVersion: 2&#xA;Bundle-RequiredExecutionEnvironment: J2SE-1.5&#xA;Require-Bundle: org.eclipse.ui,org.eclipse.core.runtime,org.eclipse.core.resources,org.eclipse.ui.ide&#xA;Bundle-Activator: screenshot.Activator&#xA;Manifest-Version: 1.0&#xA;Bundle-Version: 1.0.17&#xA;Bundle-SymbolicName: screenshot;singleton:=true&#xA;Bundle-Name: Screenshot&#xA;Bundle-Vendor: Sandip V. Chitale&#xA;Eclipse-LazyStart: true&#xA;
          </instruction>
        </instructions>
      </touchpointData>
    </unit>
    <unit id='config.a.jre' version='1.6.0' singleton='false'>
      <hostRequirements size='1'>
        <required namespace='org.eclipse.equinox.p2.iu' name='a.jre' range='1.6.0'/>
      </hostRequirements>
      <properties size='1'>
        <property name='org.eclipse.equinox.p2.type.fragment' value='true'/>
      </properties>
      <provides size='1'>
        <provided namespace='org.eclipse.equinox.p2.iu' name='config.a.jre' version='1.6.0'/>
      </provides>
      <requires size='1'>
        <required namespace='org.eclipse.equinox.p2.iu' name='a.jre' range='1.6.0'/>
      </requires>
      <touchpoint id='org.eclipse.equinox.p2.native' version='1.0.0'/>
      <touchpointData size='1'>
        <instructions size='1'>
          <instruction key='install'>

          </instruction>
        </instructions>
      </touchpointData>
    </unit>
    <unit id='ReorderFeature.feature.jar' version='1.0.4'>
      <update id='ReorderFeature.feature.jar' range='[0.0.0,1.0.4)' severity='0'/>
      <properties size='4'>
        <property name='org.eclipse.equinox.p2.name' value='Reorder Feature'/>
        <property name='org.eclipse.equinox.p2.description' value='The assymetry in the way , (comma) is used to separate the items&#xA;in parameter and arguments lists always causes problem when one&#xA;wants to reorder that list in Java editor. Is that why Java allows&#xA;trailing commas in array initializer? ;) may be.&#xA;The Reorder plug-in adds the following actions to the Java editor&#xA;tool bar.&#xA;&#xA;* Swap backward (Ctrl+,)&#xA;* Swap forward (Ctrl+.)&#xA;&#xA;Basically the actions reorder the:&#xA;* arguments of a class instance creation invocation&#xA;* arguments of a method invocation&#xA;* parameters of a method declaration&#xA;* members of array initializer &#xA;&#xA;and automatically adjust the &apos;,&apos; separator.&#xA;&#xA;For example with caret at | in:&#xA;&#xA;void method(int iii, String |sss, boolean bbb){}&#xA;&#xA;pressing Ctrl+. (i.e. Control+period) or clicking on Swap forward tool bar button yields:&#xA;&#xA;void method(int iii, boolean bbb, String |sss){}&#xA;&#xA;or pressing CTRL+, (i.e. Control+comma) or clicking on Swap backward tool bar button with the original source yields:&#xA;&#xA;void method(String |sss, int iii, boolean bbb){}'/>
        <property name='org.eclipse.equinox.p2.description.url' value='http://code.google.com/p/sandipchitaleseclipseplugins/#Reorder_Plug-in'/>
        <property name='org.eclipse.equinox.p2.provider' value='Sandip V. Chitale'/>
      </properties>
      <provides size='3'>
        <provided namespace='org.eclipse.equinox.p2.iu' name='ReorderFeature.feature.jar' version='1.0.4'/>
        <provided namespace='org.eclipse.equinox.p2.eclipse.type' name='feature' version='1.0.0'/>
        <provided namespace='org.eclipse.update.feature' name='ReorderFeature' version='1.0.4'/>
      </provides>
      <filter>
        (org.eclipse.update.install.features=true)
      </filter>
      <artifacts size='1'>
        <artifact classifier='org.eclipse.update.feature' id='ReorderFeature' version='1.0.4'/>
      </artifacts>
      <touchpoint id='org.eclipse.equinox.p2.osgi' version='1.0.0'/>
      <touchpointData size='1'>
        <instructions size='1'>
          <instruction key='zipped'>
            true
          </instruction>
        </instructions>
      </touchpointData>
      <licenses size='1'>
        <license url='http://www.opensource.org/licenses/bsd-license.php'>
          BSD
        </license>
      </licenses>
      <copyright>
        Sandip V. Chitale
      </copyright>
    </unit>
    <unit id='SamplerFeature.feature.jar' version='1.0.5'>
      <update id='SamplerFeature.feature.jar' range='[0.0.0,1.0.5)' severity='0'/>
      <properties size='4'>
        <property name='org.eclipse.equinox.p2.name' value='Sampler Feature'/>
        <property name='org.eclipse.equinox.p2.description' value='Sampler Feature'/>
        <property name='org.eclipse.equinox.p2.description.url' value='http://code.google.com/p/sandipchitaleseclipseplugins/'/>
        <property name='org.eclipse.equinox.p2.provider' value='Sandip Chitale'/>
      </properties>
      <provides size='3'>
        <provided namespace='org.eclipse.equinox.p2.iu' name='SamplerFeature.feature.jar' version='1.0.5'/>
        <provided namespace='org.eclipse.equinox.p2.eclipse.type' name='feature' version='1.0.0'/>
        <provided namespace='org.eclipse.update.feature' name='SamplerFeature' version='1.0.5'/>
      </provides>
      <filter>
        (org.eclipse.update.install.features=true)
      </filter>
      <artifacts size='1'>
        <artifact classifier='org.eclipse.update.feature' id='SamplerFeature' version='1.0.5'/>
      </artifacts>
      <touchpoint id='org.eclipse.equinox.p2.osgi' version='1.0.0'/>
      <touchpointData size='1'>
        <instructions size='1'>
          <instruction key='zipped'>
            true
          </instruction>
        </instructions>
      </touchpointData>
      <licenses size='1'>
        <license url='http://www.opensource.org/licenses/bsd-license.php'>
          BSD
        </license>
      </licenses>
      <copyright url='http://code.google.com/p/sandipchitaleseclipseplugins/'>
        Sandip V. Chitale
      </copyright>
    </unit>
  </units>
</repository>
