<?xml version="1.0" encoding="UTF-8"?>
<Simulation id="2" sourcePath="./predatorPrey/predatorPrey.gaml" finalstep="1000" experiment="preyPred">
  <Parameters>
    <Parameter name="nb_predator_init" type="INT" value="2" />
    <Parameter name="nb_preys_init" type="INT" value="3" />
  </Parameters>
  <Outputs>
    <Output id="1" name="main_display" framerate="5" />
    <Output id="2" name="number_of_preys" framerate="1" />
    <Output id="3" name="number_of_predators" framerate="1" />
  </Outputs>
</Simulation>
