<?xml version="1.0" encoding="UTF-8"?>
<feature
      id="ummisco.gama.feature.opengl.jogl1"
      label="OpenGL for GAMA with JOGL1.1"
      version="1.6.1.201407131256">

   <description>
      OpenGL extension for GAMA, which allows to use OpenGL technologies to display simulations.
   </description>

   <copyright url="http://www.example.com/copyright">
      [Enter Copyright Description here.]
   </copyright>

   <license url="http://www.example.com/license">
      [Enter License Description here.]
   </license>

   <url>
      <update label="GAMA 1.6.1 Update Site" url="http://gama-platform.googlecode.com/svn/update_site"/>
   </url>

   <requires>
      <import feature="ummisco.gama.feature.core" version="1.6.1.qualifier"/>
      <import plugin="msi.gama.core" version="1.4.0" match="greaterOrEqual"/>
      <import plugin="msi.gama.processor" version="1.4.0" match="greaterOrEqual"/>
      <import plugin="msi.gama.ext" version="1.0.0" match="greaterOrEqual"/>
      <import plugin="msi.gama.application" version="1.4.0" match="greaterOrEqual"/>
      <import plugin="com.google.guava"/>
      <import plugin="org.apache.commons.lang"/>
   </requires>

   <plugin
         id="simtools.gaml.extensions.physics"
         download-size="0"
         install-size="0"
         version="1.0.0.201407131256"
         unpack="false"/>

   <plugin
         id="com.jogamp.jogl"
         download-size="0"
         install-size="0"
         version="2.0.0.b365"/>

   <plugin
         id="com.jogamp.jogl-linux-amd64"
         os="linux"
         ws="gtk"
         arch="x86_64"
         download-size="0"
         install-size="0"
         version="2.0.0.b365"
         fragment="true"
         unpack="false"/>

   <plugin
         id="com.jogamp.jogl-linux-i586"
         os="linux"
         ws="gtk"
         arch="x86"
         download-size="0"
         install-size="0"
         version="2.0.0"
         fragment="true"
         unpack="false"/>

   <plugin
         id="com.jogamp.jogl-macosx-universal"
         os="macosx"
         ws="cocoa"
         arch="x86_64"
         download-size="0"
         install-size="0"
         version="2.0.0.b365"
         fragment="true"
         unpack="false"/>

   <plugin
         id="com.jogamp.jogl-windows-amd64"
         os="win32"
         ws="win32"
         arch="x86_64"
         download-size="0"
         install-size="0"
         version="2.0.0.b365"
         fragment="true"
         unpack="false"/>

   <plugin
         id="com.jogamp.jogl-windows-i586"
         os="win32"
         ws="win32"
         arch="x86"
         download-size="0"
         install-size="0"
         version="2.0.0.b365"
         fragment="true"
         unpack="false"/>

   <plugin
         id="msi.gama.jogl"
         download-size="0"
         install-size="0"
         version="1.0.0.201407131256"
         unpack="false"/>

</feature>
